-- phpMyAdmin SQL Dump
-- version 5.2.0
-- https://www.phpmyadmin.net/
--
-- Хост: 127.0.0.1:3306
-- Время создания: Фев 26 2025 г., 23:24
-- Версия сервера: 8.0.30
-- Версия PHP: 7.2.34

SET SQL_MODE = "NO_AUTO_VALUE_ON_ZERO";
START TRANSACTION;
SET time_zone = "+00:00";


/*!40101 SET @OLD_CHARACTER_SET_CLIENT=@@CHARACTER_SET_CLIENT */;
/*!40101 SET @OLD_CHARACTER_SET_RESULTS=@@CHARACTER_SET_RESULTS */;
/*!40101 SET @OLD_COLLATION_CONNECTION=@@COLLATION_CONNECTION */;
/*!40101 SET NAMES utf8mb4 */;

--
-- База данных: `laboratoriya20`
--

-- --------------------------------------------------------

--
-- Структура таблицы `analyzer`
--

CREATE TABLE `analyzer` (
  `id` int NOT NULL,
  `name` varchar(100) NOT NULL
) ENGINE=InnoDB DEFAULT CHARSET=utf8mb4 COLLATE=utf8mb4_0900_ai_ci;

--
-- Дамп данных таблицы `analyzer`
--

INSERT INTO `analyzer` (`id`, `name`) VALUES
(1, 'Ledetect\r\n'),
(2, 'Biorad');

-- --------------------------------------------------------

--
-- Структура таблицы `blood`
--

CREATE TABLE `blood` (
  `id` int NOT NULL,
  `patient` int NOT NULL,
  `barcode` bigint NOT NULL,
  `date` bigint NOT NULL
) ENGINE=InnoDB DEFAULT CHARSET=utf8mb4 COLLATE=utf8mb4_0900_ai_ci;

--
-- Дамп данных таблицы `blood`
--

INSERT INTO `blood` (`id`, `patient`, `barcode`, `date`) VALUES
(1, 792, 7270614, 1593529155000),
(2, 455, 7881540, 1591442744000),
(3, 893, 9454083, 1568771715000),
(4, 311, 9315926, 1589060771000),
(5, 247, 2593720, 1572555379000),
(6, 258, 9478335, 1589860302000),
(7, 996, 4610696, 1570872409000),
(8, 128, 9414582, 1572213956000),
(9, 376, 5100690, 1584899416000),
(10, 313, 1764889, 1598402763000),
(11, 238, 9250829, 1571708866000),
(12, 368, 2264653, 1586299517000),
(13, 81, 7977990, 1576665868000),
(14, 650, 5525777, 1582958710000),
(15, 188, 4246028, 1593443898000),
(16, 548, 1918881, 1572871639000),
(17, 257, 3797227, 1590822253000),
(18, 862, 7768711, 1572805834000),
(19, 575, 7219095, 1593144370000),
(20, 437, 4797168, 1583359570000),
(21, 737, 7929511, 1592631127000),
(22, 54, 5299197, 1578701138000),
(23, 170, 9085364, 1592118526000),
(24, 819, 9991722, 1589399950000),
(25, 35, 6750217, 1579095975000),
(26, 798, 2883200, 1576839472000),
(27, 760, 2846579, 1577329335000),
(28, 311, 3778094, 1574499546000),
(29, 612, 8026462, 1587911381000),
(30, 577, 8939947, 1570505709000),
(31, 276, 9949131, 1594573771000),
(32, 505, 8085577, 1596420812000),
(33, 840, 4760178, 1592937312000),
(34, 801, 5674125, 1578120269000),
(35, 220, 9372662, 1586951649000),
(36, 691, 9497828, 1599426915000),
(37, 129, 8808493, 1596450824000),
(38, 162, 6033199, 1575626234000),
(39, 650, 8953568, 1596935305000),
(40, 426, 8646773, 1579424868000),
(41, 654, 2924499, 1598222600000),
(42, 851, 9777366, 1585976600000),
(43, 324, 1495937, 1577661788000),
(44, 301, 5052799, 1598663809000),
(45, 386, 8569841, 1572469361000),
(46, 177, 8859124, 1583067092000),
(47, 444, 5792362, 1591362565000),
(48, 867, 9436279, 1575427710000),
(49, 149, 5596085, 1587596258000),
(50, 441, 2328970, 1573516136000),
(51, 848, 7319558, 1591995090000),
(52, 421, 5486282, 1572582226000),
(53, 181, 3695971, 1574896362000),
(54, 837, 6394913, 1584921813000),
(55, 404, 1918715, 1592794363000),
(56, 523, 9455524, 1595465948000),
(57, 770, 3763523, 1571816286000),
(58, 977, 3518181, 1570301498000),
(59, 388, 7303834, 1587040794000),
(60, 958, 8714908, 1578649834000),
(61, 845, 8592551, 1588440675000),
(62, 829, 9316262, 1598929854000),
(63, 196, 1706989, 1596271227000),
(64, 644, 8515612, 1569042852000),
(65, 751, 4593906, 1585240627000),
(66, 101, 5597550, 1571870821000),
(67, 921, 6764207, 1599430405000),
(68, 902, 3598673, 1574170976000),
(69, 324, 2470572, 1596651637000),
(70, 565, 1972809, 1572765106000),
(71, 771, 9175244, 1590721295000),
(72, 773, 4313992, 1594774457000),
(73, 753, 5129456, 1583046834000),
(74, 535, 6220000, 1599691914000),
(75, 282, 6542970, 1585179609000),
(76, 857, 1501311, 1591103606000),
(77, 272, 5747895, 1569307804000),
(78, 480, 5192392, 1598560980000),
(79, 22, 8948808, 1573568625000),
(80, 170, 8234922, 1588809080000),
(81, 560, 6900169, 1572581836000),
(82, 538, 6307685, 1589904204000),
(83, 153, 7229733, 1590250053000),
(84, 401, 2651891, 1595561588000),
(85, 521, 6578354, 1595697632000),
(86, 372, 8201046, 1583295794000),
(87, 51, 1379363, 1587324105000),
(88, 163, 4747086, 1585226124000),
(89, 140, 2691286, 1595728223000),
(90, 144, 5972471, 1577179640000),
(91, 564, 2980035, 1592094640000),
(92, 821, 3142085, 1590792335000),
(93, 273, 2479595, 1594393081000),
(94, 674, 3747507, 1590542592000),
(95, 830, 7045079, 1598388142000),
(96, 260, 6323995, 1584981124000),
(97, 222, 9635714, 1585612798000),
(98, 252, 5019431, 1581145774000),
(99, 474, 4903562, 1578839892000),
(100, 817, 3916051, 1590806990000),
(101, 551, 3334016, 1579166967000),
(102, 801, 2029764, 1570245510000),
(103, 890, 2670252, 1572471155000),
(104, 544, 1304295, 1585510919000),
(105, 614, 1735800, 1585610622000),
(106, 816, 7265095, 1579877792000),
(107, 456, 3576833, 1576977036000),
(108, 359, 1921599, 1589305537000),
(109, 999, 8993878, 1590264633000),
(110, 372, 9904171, 1570898396000),
(111, 394, 9553856, 1596612629000),
(112, 249, 7136532, 1593626189000),
(113, 867, 9475496, 1578433628000),
(114, 888, 9138636, 1592326230000),
(115, 267, 4309919, 1582048680000),
(116, 44, 4255816, 1598282672000),
(117, 133, 4282776, 1572242010000),
(118, 643, 8641989, 1589040712000),
(119, 110, 1937372, 1593192215000),
(120, 505, 2815111, 1570295567000),
(121, 687, 4493204, 1584620872000),
(122, 297, 7242098, 1569746392000),
(123, 789, 4361874, 1575658535000),
(124, 28, 9864326, 1569755616000),
(125, 360, 8781772, 1595269105000),
(126, 928, 7798471, 1596207959000),
(127, 983, 1639377, 1585412519000),
(128, 302, 1630922, 1586672212000),
(129, 554, 5652406, 1591270772000),
(130, 631, 1450994, 1582207612000),
(131, 586, 5615177, 1577489090000),
(132, 319, 6797634, 1589071244000),
(133, 968, 6565077, 1598139742000),
(134, 660, 5755985, 1582442562000),
(135, 998, 1562669, 1592160786000),
(136, 811, 2792113, 1587078221000),
(137, 402, 4760644, 1587017707000),
(138, 953, 6761898, 1568345489000),
(139, 966, 7381170, 1570363881000),
(140, 683, 2077116, 1586125691000),
(141, 51, 1934740, 1595634220000),
(142, 938, 8594846, 1575525759000),
(143, 86, 3968224, 1599679898000),
(144, 696, 5171143, 1582367043000),
(145, 336, 8538076, 1576106325000),
(146, 861, 5821658, 1587763594000),
(147, 636, 4475878, 1592892683000),
(148, 873, 6296521, 1591180812000),
(149, 118, 7147740, 1577079288000),
(150, 211, 7950556, 1575110208000),
(151, 205, 8227852, 1571489535000),
(152, 160, 5460085, 1596643203000),
(153, 532, 5994048, 1587554973000),
(154, 471, 9526659, 1584398128000),
(155, 710, 8533397, 1598633425000),
(156, 51, 3116991, 1595437541000),
(157, 344, 4272734, 1580528849000),
(158, 131, 2309991, 1585391430000),
(159, 875, 5068505, 1569151630000),
(160, 78, 7409677, 1577363258000),
(161, 343, 8730247, 1582542251000),
(162, 899, 9147257, 1590871311000),
(163, 430, 1358109, 1574213256000),
(164, 115, 6037133, 1571401900000),
(165, 292, 6857153, 1573673919000),
(166, 288, 3983412, 1581264698000),
(167, 539, 2891902, 1590031049000),
(168, 697, 1198754, 1588071917000),
(169, 172, 3437641, 1592947945000),
(170, 306, 5661899, 1574970810000),
(171, 906, 3774459, 1573046389000),
(172, 290, 1460676, 1579123122000),
(173, 442, 7043856, 1580128799000),
(174, 149, 4530881, 1587291153000),
(175, 475, 8281594, 1580394091000),
(176, 345, 8146872, 1580436514000),
(177, 598, 1622954, 1574309521000),
(178, 222, 5259980, 1568877595000),
(179, 913, 5165608, 1577698772000),
(180, 128, 6466390, 1592809870000),
(181, 334, 8354968, 1581677986000),
(182, 858, 9812864, 1571778461000),
(183, 791, 8581977, 1570618341000),
(184, 620, 1414390, 1575510249000),
(185, 842, 2327704, 1568703920000),
(186, 587, 8474212, 1593029517000),
(187, 798, 9730465, 1581751646000),
(188, 615, 6747724, 1577787483000),
(189, 399, 7195517, 1581947292000),
(190, 2, 3702195, 1599924013000),
(191, 17, 1783711, 1591194378000),
(192, 715, 5553430, 1594526617000),
(193, 913, 4571916, 1585216062000),
(194, 748, 1616731, 1594443000000),
(195, 352, 8319617, 1586037172000),
(196, 605, 2608960, 1577569446000),
(197, 418, 6475732, 1591990361000),
(198, 384, 2402467, 1593010514000),
(199, 729, 9237291, 1577291893000),
(200, 978, 6214879, 1569503390000),
(201, 593, 6542837, 1584845140000),
(202, 359, 6234957, 1589668440000),
(203, 937, 7324865, 1592998896000),
(204, 652, 8928962, 1578852691000),
(205, 667, 8639238, 1576304041000),
(206, 878, 4047939, 1581624755000),
(207, 382, 8988897, 1597832193000),
(208, 423, 1672581, 1595913127000),
(209, 608, 5559826, 1569058962000),
(210, 991, 4521370, 1599171252000),
(211, 795, 9486648, 1573398686000),
(212, 964, 8924005, 1578274816000),
(213, 528, 9285020, 1590849018000),
(214, 302, 7173363, 1580942772000),
(215, 561, 6794784, 1576918779000),
(216, 794, 5878770, 1597820865000),
(217, 292, 4511946, 1575025808000),
(218, 79, 4563576, 1576902100000),
(219, 277, 8953877, 1590428009000),
(220, 551, 4889914, 1595610157000),
(221, 739, 2206759, 1596656126000),
(222, 52, 3382032, 1577885270000),
(223, 192, 5194209, 1579289599000),
(224, 118, 6011531, 1590262450000),
(225, 947, 2130862, 1591069170000),
(226, 284, 2357034, 1584446837000),
(227, 699, 9301189, 1570547475000),
(228, 361, 6248746, 1574635132000),
(229, 702, 7064112, 1575048223000),
(230, 4, 7662312, 1593468203000),
(231, 467, 4285014, 1574569340000),
(232, 337, 5876417, 1575991617000),
(233, 840, 6542087, 1589107177000),
(234, 318, 3805607, 1597070233000),
(235, 887, 2640643, 1589287476000),
(236, 751, 3709547, 1593440436000),
(237, 137, 2296094, 1589973065000),
(238, 218, 8774329, 1580660437000),
(239, 822, 1307160, 1597843997000),
(240, 411, 1726537, 1590343827000),
(241, 429, 1379582, 1578270060000),
(242, 183, 7077749, 1569169853000),
(243, 17, 4222877, 1585416790000),
(244, 627, 6312708, 1589074640000),
(245, 828, 1574660, 1596213829000),
(246, 185, 1856455, 1587245237000),
(247, 587, 5892216, 1584776498000),
(248, 698, 3809925, 1595186376000),
(249, 860, 7223132, 1590885949000),
(250, 886, 3012799, 1584679731000),
(251, 837, 4403580, 1588630028000),
(252, 117, 1180523, 1582496914000),
(253, 84, 4226839, 1581919716000),
(254, 546, 8911001, 1568778400000),
(255, 651, 1716148, 1588092173000),
(256, 611, 3571880, 1581053195000),
(257, 494, 7755191, 1578003056000),
(258, 263, 3733691, 1577365042000),
(259, 746, 9600163, 1593327116000),
(260, 348, 2747359, 1577276145000),
(261, 750, 1630330, 1580178348000),
(262, 207, 1392668, 1593805431000),
(263, 320, 1476949, 1569286975000),
(264, 696, 8996266, 1597560389000),
(265, 416, 9714590, 1582750467000),
(266, 161, 1251821, 1577709050000),
(267, 739, 5192003, 1599018139000),
(268, 392, 1895986, 1598681237000),
(269, 470, 4208991, 1588910327000),
(270, 408, 3119898, 1584321439000),
(271, 835, 8187067, 1572693546000),
(272, 785, 5492377, 1597753162000),
(273, 218, 7659225, 1583914559000),
(274, 399, 7806801, 1589498091000),
(275, 356, 7262071, 1572721600000),
(276, 492, 8279458, 1576736844000),
(277, 499, 7476001, 1577595464000),
(278, 917, 7648055, 1581440849000),
(279, 330, 2490097, 1596669269000),
(280, 126, 1315919, 1579181089000),
(281, 732, 8161742, 1589070161000),
(282, 687, 1380401, 1573709266000),
(283, 534, 6826830, 1582683151000),
(284, 173, 5385069, 1597961519000),
(285, 946, 2880087, 1595125846000),
(286, 919, 8570152, 1587021660000),
(287, 992, 6026551, 1587467171000),
(288, 26, 2193797, 1574602792000),
(289, 891, 6641310, 1583718325000),
(290, 581, 1187207, 1582947305000),
(291, 505, 5644802, 1587061519000),
(292, 108, 2360465, 1590842682000),
(293, 728, 5575949, 1576540644000),
(294, 292, 4914594, 1579886159000),
(295, 793, 9643473, 1583019347000),
(296, 56, 9812118, 1577496833000),
(297, 879, 3316994, 1585575260000),
(298, 660, 4859400, 1597893182000),
(299, 169, 4640471, 1594510907000),
(300, 339, 9051598, 1573693632000),
(301, 134, 3527720, 1587583575000),
(302, 331, 6367645, 1585577204000),
(303, 81, 2381056, 1593975597000),
(304, 349, 5903383, 1581518059000),
(305, 325, 3076825, 1574508858000),
(306, 76, 9433972, 1568793608000),
(307, 607, 4682331, 1583262135000),
(308, 39, 2534144, 1574849327000),
(309, 380, 7763357, 1599849771000),
(310, 6, 5441908, 1584114464000),
(311, 379, 8682733, 1583606836000),
(312, 941, 7707360, 1590767033000),
(313, 563, 5370556, 1575694462000),
(314, 839, 1547724, 1582040224000),
(315, 842, 1787477, 1589017993000),
(316, 738, 7307340, 1573552334000),
(317, 218, 4059341, 1582476130000),
(318, 174, 6136571, 1584280620000),
(319, 427, 2030911, 1576266767000),
(320, 760, 5655742, 1587163953000),
(321, 405, 2525971, 1589837788000),
(322, 266, 3322790, 1569969155000),
(323, 447, 2478452, 1573628425000),
(324, 25, 9669380, 1591554513000),
(325, 731, 7167510, 1569786752000),
(326, 968, 2253361, 1584179879000),
(327, 111, 2418698, 1587018440000),
(328, 775, 2751411, 1568502885000),
(329, 491, 7039059, 1585784132000),
(330, 142, 8190180, 1597377626000),
(331, 793, 9565629, 1585343511000),
(332, 171, 6881579, 1577173410000),
(333, 689, 7561179, 1590881543000),
(334, 585, 6285428, 1594539975000),
(335, 759, 4863037, 1586498324000),
(336, 94, 7316917, 1585027194000),
(337, 982, 3605548, 1570792834000),
(338, 503, 8390669, 1572687641000),
(339, 307, 9255018, 1591148063000),
(340, 978, 3783675, 1579224857000),
(341, 371, 7735384, 1595138513000),
(342, 79, 3099355, 1568519810000),
(343, 976, 6033899, 1591076534000),
(344, 689, 9265479, 1598028506000),
(345, 270, 4594830, 1579804434000),
(346, 88, 1192915, 1585053969000),
(347, 200, 3899159, 1590907356000),
(348, 40, 4434378, 1598701822000),
(349, 366, 3393454, 1596774746000),
(350, 237, 9270815, 1583165491000),
(351, 59, 8046544, 1583042258000),
(352, 420, 3838201, 1590192686000),
(353, 629, 2378910, 1579185015000),
(354, 224, 7893232, 1578123899000),
(355, 64, 3155382, 1595564942000),
(356, 241, 3014239, 1592246458000),
(357, 217, 8820807, 1581751007000),
(358, 868, 1314028, 1575780705000),
(359, 631, 2903416, 1571108892000),
(360, 506, 6547028, 1582503946000),
(361, 308, 6650215, 1573867913000),
(362, 433, 6414748, 1584567893000),
(363, 104, 7062670, 1597778134000),
(364, 982, 5120362, 1596030718000),
(365, 939, 8889014, 1590906469000),
(366, 53, 5056263, 1598912757000),
(367, 418, 2396020, 1577702342000),
(368, 636, 9970197, 1594336123000),
(369, 180, 5381580, 1596243093000),
(370, 523, 5131211, 1570008819000),
(371, 282, 7597445, 1582566854000),
(372, 204, 8278368, 1574145308000),
(373, 938, 4888139, 1586267370000),
(374, 276, 1225357, 1574411631000),
(375, 639, 2503192, 1593537972000),
(376, 274, 2280266, 1591606541000),
(377, 13, 7038629, 1586719011000),
(378, 553, 1331256, 1576616558000),
(379, 567, 5066068, 1592084316000),
(380, 823, 9936755, 1588102049000),
(381, 901, 7972845, 1593798922000),
(382, 355, 1607905, 1573809040000),
(383, 9, 8630321, 1594744454000),
(384, 416, 1967548, 1584423799000),
(385, 707, 3420734, 1575472361000),
(386, 793, 4408606, 1598039690000),
(387, 545, 6942507, 1572681803000),
(388, 96, 5527414, 1596232677000),
(389, 922, 5161267, 1594306979000),
(390, 781, 6258329, 1584959054000),
(391, 660, 5784335, 1596779945000),
(392, 301, 7061451, 1599878202000),
(393, 934, 5463471, 1572981313000),
(394, 896, 7112483, 1571501174000),
(395, 21, 4319888, 1598730411000),
(396, 777, 4845786, 1578610911000),
(397, 621, 1249574, 1589226954000),
(398, 93, 8729432, 1588506970000),
(399, 697, 9876432, 1572109052000),
(400, 242, 2507095, 1593481745000),
(401, 969, 4956997, 1589915827000),
(402, 137, 7700669, 1596951176000),
(403, 275, 3217325, 1598058702000),
(404, 925, 6135176, 1577888570000),
(405, 761, 4179454, 1582157196000),
(406, 202, 3924827, 1572702146000),
(407, 973, 5559048, 1598238445000),
(408, 279, 9626225, 1573258350000),
(409, 182, 2296501, 1570931633000),
(410, 117, 5593299, 1576618600000),
(411, 827, 5075737, 1591649302000),
(412, 368, 4139392, 1577815386000),
(413, 605, 7772077, 1584502869000),
(414, 342, 7977379, 1578633528000),
(415, 680, 2597742, 1583042847000),
(416, 500, 4669751, 1590118522000),
(417, 974, 4880876, 1590663183000),
(418, 879, 8971674, 1573307897000),
(419, 303, 1972224, 1572871149000),
(420, 976, 5883702, 1588106414000),
(421, 269, 6096854, 1592799207000),
(422, 402, 8958991, 1597603226000),
(423, 986, 1891699, 1580084007000),
(424, 37, 6653280, 1597159095000),
(425, 969, 1581101, 1584264821000),
(426, 629, 5361794, 1594304503000),
(427, 727, 7258771, 1572748462000),
(428, 861, 8240064, 1578378891000),
(429, 632, 1976023, 1574787749000),
(430, 313, 7449599, 1569891229000),
(431, 731, 1247210, 1586706799000),
(432, 647, 2896455, 1581335201000),
(433, 144, 2019868, 1587992257000),
(434, 582, 9749678, 1579247866000),
(435, 787, 6594591, 1586554018000),
(436, 491, 4444309, 1577204242000),
(437, 542, 2573226, 1584366906000),
(438, 952, 1128966, 1577994467000),
(439, 172, 6002017, 1582437449000),
(440, 718, 1891390, 1578723070000),
(441, 427, 5258660, 1593420789000),
(442, 463, 7472647, 1579931476000),
(443, 869, 3518505, 1595118263000),
(444, 595, 2714841, 1582347420000),
(445, 831, 5372935, 1593812713000),
(446, 712, 4719756, 1580836922000),
(447, 549, 2564923, 1592310270000),
(448, 537, 7428977, 1582095085000),
(449, 314, 1232612, 1593779845000),
(450, 483, 7361776, 1595293489000),
(451, 732, 6563227, 1579359735000),
(452, 384, 2287475, 1576223027000),
(453, 89, 8388869, 1574693316000),
(454, 752, 3931890, 1569175275000),
(455, 500, 9804096, 1589031396000),
(456, 985, 1887679, 1570641681000),
(457, 858, 8447181, 1570159203000),
(458, 222, 1714127, 1588979866000),
(459, 383, 9627499, 1599435880000),
(460, 422, 9383931, 1580893492000),
(461, 522, 4687949, 1589993809000),
(462, 364, 7945618, 1588219815000),
(463, 452, 8247245, 1597610414000),
(464, 386, 5475892, 1582488595000),
(465, 843, 1710100, 1574012891000),
(466, 628, 1553501, 1594521993000),
(467, 880, 7823067, 1577570525000),
(468, 49, 1538428, 1587918122000),
(469, 773, 9649840, 1582599304000),
(470, 242, 5585671, 1574152678000),
(471, 99, 3399762, 1590040822000),
(472, 131, 2027957, 1577400843000),
(473, 63, 6245406, 1598031742000),
(474, 245, 4639188, 1587380961000),
(475, 491, 9686155, 1573320661000),
(476, 190, 9016868, 1598083130000),
(477, 612, 6518408, 1596153019000),
(478, 346, 9853195, 1576933472000),
(479, 792, 6622244, 1588333758000),
(480, 356, 1491938, 1581855959000),
(481, 821, 2787629, 1589989027000),
(482, 213, 5312675, 1589282006000),
(483, 165, 4469165, 1598746534000),
(484, 380, 7410102, 1589518417000),
(485, 570, 3858103, 1585436779000),
(486, 888, 6512691, 1591320737000),
(487, 94, 4673949, 1584076976000),
(488, 918, 9867450, 1586857287000),
(489, 74, 7273287, 1569388267000),
(490, 144, 2564279, 1580937376000),
(491, 947, 4434797, 1577928206000),
(492, 796, 9429774, 1576290464000),
(493, 369, 7632434, 1595273831000),
(494, 844, 8111521, 1583429659000),
(495, 520, 5433820, 1580684497000),
(496, 576, 4509183, 1578352504000),
(497, 50, 2554643, 1577290724000),
(498, 140, 9997254, 1580427190000),
(499, 520, 5357596, 1579614428000),
(500, 15, 6263432, 1569809067000),
(501, 923, 3280083, 1572407360000),
(502, 157, 9467864, 1590761971000),
(503, 301, 3393633, 1586096558000),
(504, 274, 3511860, 1568982633000),
(505, 374, 8130670, 1579703485000),
(506, 286, 6593319, 1590103719000),
(507, 112, 6023689, 1575466309000),
(508, 894, 2327355, 1581447086000),
(509, 499, 7317462, 1588972297000),
(510, 961, 4213792, 1586692709000),
(511, 367, 9584686, 1571037557000),
(512, 615, 4160059, 1577879453000),
(513, 466, 3315582, 1574353182000),
(514, 459, 3401204, 1569384753000),
(515, 451, 4000752, 1594756985000),
(516, 592, 2393284, 1582024026000),
(517, 361, 5390906, 1584270981000),
(518, 246, 1481513, 1570134026000),
(519, 33, 7064658, 1578741001000),
(520, 508, 6844648, 1575546445000),
(521, 158, 8769545, 1571354799000),
(522, 204, 2646696, 1571639505000),
(523, 70, 4088840, 1587946059000),
(524, 252, 1733523, 1586144810000),
(525, 809, 3951564, 1572296603000),
(526, 625, 4716648, 1587261417000),
(527, 63, 2342203, 1599143611000),
(528, 216, 6604611, 1597159426000),
(529, 792, 6360902, 1597150998000),
(530, 925, 6928267, 1572265536000),
(531, 473, 4902193, 1579748781000),
(532, 499, 2355895, 1577230199000),
(533, 407, 7614747, 1580458982000),
(534, 412, 7612144, 1594327067000),
(535, 677, 1421145, 1578730234000),
(536, 838, 2115226, 1584801128000),
(537, 739, 4352376, 1590713680000),
(538, 24, 2094875, 1574837211000),
(539, 466, 3012877, 1592178506000),
(540, 636, 2277966, 1597070364000),
(541, 544, 6332627, 1582733477000),
(542, 552, 2487410, 1575259870000),
(543, 392, 6261944, 1576491095000),
(544, 257, 3183410, 1585878836000),
(545, 977, 8956668, 1569014221000),
(546, 487, 5783486, 1582287336000),
(547, 60, 9661304, 1580757031000),
(548, 283, 7090038, 1575721737000),
(549, 180, 4492289, 1579585611000),
(550, 108, 8995744, 1586632332000),
(551, 856, 9752183, 1598166202000),
(552, 422, 7546311, 1580224032000),
(553, 182, 1472184, 1588117123000),
(554, 766, 8356667, 1595099506000),
(555, 280, 1212813, 1596327280000),
(556, 622, 8264439, 1582673302000),
(557, 879, 7830663, 1590098285000),
(558, 51, 9816067, 1581265377000),
(559, 575, 6149282, 1570885837000),
(560, 382, 9066501, 1584350036000),
(561, 905, 8135342, 1588064031000),
(562, 509, 3347565, 1579240352000),
(563, 425, 4610109, 1597632232000),
(564, 691, 2240157, 1588401014000),
(565, 854, 7500491, 1584858771000),
(566, 337, 2168192, 1592106536000),
(567, 854, 8901440, 1597689084000),
(568, 945, 8020616, 1590863126000),
(569, 568, 7808210, 1592019052000),
(570, 786, 3731061, 1577167443000),
(571, 421, 7585665, 1579917017000),
(572, 37, 2908181, 1581578993000),
(573, 802, 9530558, 1583412538000),
(574, 367, 8632854, 1584450446000),
(575, 507, 3374583, 1588755075000),
(576, 982, 9510072, 1569481191000),
(577, 450, 9842275, 1590782436000),
(578, 981, 3048683, 1591571533000),
(579, 583, 3814090, 1572197954000),
(580, 207, 4500039, 1578797153000),
(581, 131, 3416858, 1579143822000),
(582, 748, 9191985, 1596343809000),
(583, 119, 8847472, 1579808458000),
(584, 269, 4031925, 1571865720000),
(585, 113, 5156979, 1578377001000),
(586, 354, 2112680, 1585926969000),
(587, 423, 8545482, 1596971324000),
(588, 123, 6020200, 1591518348000),
(589, 1, 5787021, 1586871328000),
(590, 962, 4872193, 1575325743000),
(591, 813, 8975848, 1595920977000),
(592, 176, 1271326, 1571563954000),
(593, 388, 7604874, 1579291551000),
(594, 845, 5223949, 1579682793000),
(595, 199, 5755024, 1569228215000),
(596, 490, 5618885, 1594392447000),
(597, 973, 2290854, 1576160531000),
(598, 832, 6392681, 1578399749000),
(599, 794, 5277360, 1577389654000),
(600, 530, 5349693, 1599419000000),
(601, 572, 2986447, 1592308861000),
(602, 631, 9269459, 1580478219000),
(603, 377, 1827977, 1593905142000),
(604, 453, 9018077, 1590853637000),
(605, 607, 1795450, 1594374926000),
(606, 718, 7290833, 1580953313000),
(607, 984, 9525352, 1585728664000),
(608, 152, 2941194, 1574145766000),
(609, 563, 8138782, 1575317554000),
(610, 844, 1491203, 1573435414000),
(611, 608, 7232448, 1596923805000),
(612, 139, 2553931, 1587876204000),
(613, 360, 8924437, 1575799786000),
(614, 567, 7644854, 1574434840000),
(615, 830, 8800617, 1574087498000),
(616, 935, 3987518, 1589763335000),
(617, 724, 9885300, 1568607623000),
(618, 5, 2294848, 1597657556000),
(619, 27, 3833054, 1571908563000),
(620, 557, 2946553, 1569640370000),
(621, 462, 3917921, 1574548175000),
(622, 532, 3652989, 1579627462000),
(623, 937, 2071297, 1590850582000),
(624, 249, 8854961, 1589821988000),
(625, 7, 5790967, 1574753316000),
(626, 804, 2991776, 1596959382000),
(627, 669, 1432223, 1595587535000),
(628, 264, 5900803, 1581168405000),
(629, 86, 9165333, 1570707465000),
(630, 234, 1834426, 1593176460000),
(631, 703, 3231048, 1569535874000),
(632, 528, 5437267, 1596181384000),
(633, 530, 9505143, 1571031681000),
(634, 585, 9767601, 1591390688000),
(635, 818, 9635244, 1576188595000),
(636, 219, 3321809, 1585568670000),
(637, 73, 4538736, 1590029460000),
(638, 799, 6557726, 1592434638000),
(639, 467, 8129301, 1590232428000),
(640, 787, 9198167, 1594355634000),
(641, 680, 6469837, 1581931231000),
(642, 64, 5809767, 1576535004000),
(643, 61, 4323877, 1575217885000),
(644, 215, 3026246, 1582874914000),
(645, 177, 1572122, 1571477651000),
(646, 4, 4633985, 1574764122000),
(647, 54, 8535319, 1582333137000),
(648, 362, 9134438, 1572906888000),
(649, 181, 9391207, 1591401214000),
(650, 437, 3780141, 1591132073000),
(651, 147, 6358000, 1575606952000),
(652, 190, 5791630, 1574180317000),
(653, 807, 9798742, 1575479422000),
(654, 473, 9733025, 1573650358000),
(655, 285, 5925182, 1580114343000),
(656, 748, 6793679, 1582243157000),
(657, 860, 1400615, 1573590804000),
(658, 612, 1877345, 1573318495000),
(659, 777, 5895669, 1573313961000),
(660, 60, 6198903, 1571872519000),
(661, 645, 6705387, 1599621443000),
(662, 972, 2818517, 1581230930000),
(663, 851, 9243243, 1585295039000),
(664, 36, 9004658, 1582607246000),
(665, 242, 1864981, 1573526141000),
(666, 477, 1859661, 1574217162000),
(667, 881, 2273413, 1596065102000),
(668, 614, 4341460, 1583329609000),
(669, 531, 5412319, 1571538837000),
(670, 485, 1509192, 1570770370000),
(671, 808, 7791203, 1570682428000),
(672, 617, 4199701, 1596603040000),
(673, 195, 1961918, 1573348636000),
(674, 870, 7325524, 1594753214000),
(675, 367, 6755300, 1576534908000),
(676, 941, 6488041, 1582544137000),
(677, 191, 5511070, 1578488604000),
(678, 345, 5183399, 1572000949000),
(679, 306, 2906181, 1593250967000),
(680, 843, 3900463, 1574957284000),
(681, 600, 2559064, 1578740288000),
(682, 408, 7797614, 1595073424000),
(683, 707, 4956142, 1596256558000),
(684, 851, 6176876, 1572496519000),
(685, 380, 5364013, 1572475030000),
(686, 649, 8378898, 1582581989000),
(687, 295, 1862408, 1581212265000),
(688, 323, 8252216, 1587884516000),
(689, 871, 5278687, 1570703706000),
(690, 815, 6588269, 1592914111000),
(691, 572, 3445985, 1568525692000),
(692, 341, 4401068, 1596603965000),
(693, 304, 6328234, 1595374435000),
(694, 537, 5347296, 1585489439000),
(695, 609, 5344494, 1597092132000),
(696, 287, 1825268, 1587312969000),
(697, 539, 9999021, 1583254772000),
(698, 35, 1241815, 1568427778000),
(699, 915, 8036043, 1591576066000),
(700, 517, 1906430, 1590463873000),
(701, 335, 5298150, 1590431550000),
(702, 622, 4648975, 1569287754000),
(703, 287, 6024826, 1582906795000),
(704, 149, 6712447, 1589366156000),
(705, 927, 6780544, 1572642102000),
(706, 143, 7283886, 1579720800000),
(707, 256, 3051845, 1579142949000),
(708, 659, 7981472, 1580924904000),
(709, 8, 1700756, 1587693680000),
(710, 107, 3993274, 1579859150000),
(711, 732, 7299020, 1576086409000),
(712, 138, 7544226, 1584777509000),
(713, 293, 3824602, 1589410292000),
(714, 971, 7948151, 1590982440000),
(715, 916, 6466797, 1575864032000),
(716, 111, 9822189, 1581303388000),
(717, 896, 4274766, 1593722674000),
(718, 761, 2699383, 1592749183000),
(719, 919, 6336622, 1595002288000),
(720, 897, 8005144, 1568844259000),
(721, 987, 1247677, 1596226056000),
(722, 132, 2237842, 1598389554000),
(723, 746, 8043840, 1586174638000),
(724, 756, 7717540, 1586867508000),
(725, 464, 6109410, 1570495540000),
(726, 817, 8547127, 1569126287000),
(727, 141, 4401207, 1581817065000),
(728, 874, 3139135, 1572727748000),
(729, 276, 3182706, 1592019535000),
(730, 888, 7103624, 1585401041000),
(731, 420, 1351273, 1589323181000),
(732, 487, 9647918, 1583811619000),
(733, 523, 4984495, 1579029686000),
(734, 920, 4885071, 1593389060000),
(735, 816, 6731497, 1581208719000),
(736, 489, 6269272, 1590784751000),
(737, 472, 8534111, 1592577667000),
(738, 78, 7792857, 1583513667000),
(739, 529, 1148301, 1581901874000),
(740, 194, 8336638, 1594950645000),
(741, 953, 3601133, 1592483620000),
(742, 755, 6461368, 1572475221000),
(743, 322, 8838396, 1599617352000),
(744, 995, 9053430, 1573230423000),
(745, 285, 3492147, 1574352321000),
(746, 48, 8311521, 1594019076000),
(747, 888, 7370376, 1594072609000),
(748, 476, 1423629, 1598746553000),
(749, 281, 8939636, 1591103907000),
(750, 687, 5014937, 1596398162000),
(751, 626, 7914400, 1592870906000),
(752, 183, 5891543, 1569985726000),
(753, 371, 4967850, 1581398979000),
(754, 835, 7002473, 1571547958000),
(755, 732, 4590984, 1573843838000),
(756, 750, 1156334, 1579399621000),
(757, 549, 5791370, 1569266123000),
(758, 555, 7441843, 1593784878000),
(759, 474, 2370004, 1581938606000),
(760, 644, 8270231, 1583833594000),
(761, 552, 3494744, 1572218414000),
(762, 98, 4375490, 1578319230000),
(763, 559, 7420383, 1572382433000),
(764, 463, 3986970, 1576704904000),
(765, 493, 5468936, 1583619496000),
(766, 306, 1719031, 1577481524000),
(767, 798, 9369913, 1597015886000),
(768, 699, 3768196, 1569581066000),
(769, 870, 2281723, 1595316052000),
(770, 353, 9057580, 1581573299000),
(771, 601, 5770220, 1579485572000),
(772, 158, 3420920, 1568829720000),
(773, 999, 8876052, 1582101143000),
(774, 643, 6760667, 1599396934000),
(775, 887, 4038058, 1595327880000),
(776, 637, 1395878, 1568402773000),
(777, 181, 4022061, 1590260117000),
(778, 761, 7871326, 1597875258000),
(779, 301, 2099541, 1593776102000),
(780, 834, 1532392, 1569516544000),
(781, 901, 1399577, 1578618634000),
(782, 256, 4723002, 1585544600000),
(783, 9, 6020688, 1586313528000),
(784, 281, 7301862, 1595005723000),
(785, 265, 9028480, 1573445398000),
(786, 215, 6353151, 1591003847000),
(787, 565, 2517707, 1570807695000),
(788, 13, 3954173, 1589364116000),
(789, 774, 7829087, 1572833824000),
(790, 559, 6491461, 1590707807000),
(791, 114, 4463709, 1579024095000),
(792, 236, 2828692, 1575899903000),
(793, 546, 8176873, 1591934244000),
(794, 207, 3796534, 1585028029000),
(795, 204, 4398286, 1570892336000),
(796, 867, 6907286, 1584870091000),
(797, 3, 3855823, 1599875434000),
(798, 760, 6703040, 1578770520000),
(799, 770, 1455671, 1590287271000),
(800, 383, 5171555, 1569529647000),
(801, 279, 5373991, 1578448900000),
(802, 367, 9217589, 1575334822000),
(803, 250, 6039673, 1574954162000),
(804, 680, 3652665, 1581973080000),
(805, 684, 6204533, 1576276246000),
(806, 903, 4697791, 1592249055000),
(807, 311, 6945911, 1570367620000),
(808, 635, 9070625, 1577990240000),
(809, 60, 1208156, 1571768097000),
(810, 534, 9759073, 1592513041000),
(811, 92, 9265530, 1590137910000),
(812, 698, 7438506, 1590289177000),
(813, 692, 3677790, 1598065787000),
(814, 148, 4725063, 1577058722000),
(815, 442, 7546085, 1579454216000),
(816, 22, 5597856, 1591338631000),
(817, 186, 9661515, 1584830404000),
(818, 589, 8541024, 1586729090000),
(819, 390, 4556388, 1579891125000),
(820, 555, 3471577, 1593308910000),
(821, 73, 5758481, 1594856653000),
(822, 640, 4728713, 1596279906000),
(823, 68, 2072244, 1592083831000),
(824, 903, 7406336, 1589813918000),
(825, 178, 1112349, 1594932103000),
(826, 261, 4358720, 1590879602000),
(827, 701, 1937261, 1577288086000),
(828, 264, 9825801, 1572050253000),
(829, 280, 7936225, 1575247577000),
(830, 87, 2282822, 1588449122000),
(831, 446, 9602100, 1587833896000),
(832, 761, 5033471, 1595296342000),
(833, 25, 7148903, 1595438575000),
(834, 778, 2374173, 1595193947000),
(835, 419, 9318709, 1590405490000),
(836, 9, 9250740, 1580141278000),
(837, 668, 7419850, 1587099242000),
(838, 799, 1251571, 1599372212000),
(839, 589, 8162559, 1598239387000),
(840, 651, 2190193, 1568754581000),
(841, 880, 7796098, 1572813574000),
(842, 908, 4222157, 1579781654000),
(843, 923, 7756230, 1581510383000),
(844, 750, 3673067, 1568906537000),
(845, 967, 8125021, 1598248079000),
(846, 732, 3250509, 1580398167000),
(847, 290, 7164688, 1584054084000),
(848, 114, 5557904, 1573003453000),
(849, 30, 4358805, 1595945410000),
(850, 171, 8444610, 1580351996000),
(851, 174, 8340844, 1593778589000),
(852, 617, 1613370, 1579384445000),
(853, 690, 1929562, 1576465460000),
(854, 922, 7881010, 1585674615000),
(855, 923, 7427794, 1573800859000),
(856, 14, 4244863, 1579369003000),
(857, 866, 1405323, 1588521002000),
(858, 187, 7121457, 1577815187000),
(859, 233, 7609970, 1587942117000),
(860, 171, 7634272, 1587091227000),
(861, 431, 3851829, 1592758017000),
(862, 737, 5657558, 1577728087000),
(863, 950, 8332049, 1584472984000),
(864, 934, 2837011, 1573130436000),
(865, 328, 7044101, 1569355314000),
(866, 852, 9211427, 1573169990000),
(867, 180, 9909796, 1577318426000),
(868, 128, 2631276, 1582506372000),
(869, 932, 5552145, 1579601855000),
(870, 488, 9230480, 1570193665000),
(871, 436, 7966716, 1591456450000),
(872, 966, 5432997, 1583286620000),
(873, 826, 8560910, 1579812927000),
(874, 709, 7459085, 1596651248000),
(875, 514, 7837565, 1583192087000),
(876, 462, 4059103, 1580017005000),
(877, 773, 1462652, 1592035260000),
(878, 417, 3047470, 1588396848000),
(879, 887, 8156470, 1580779701000),
(880, 301, 2810498, 1593936412000),
(881, 165, 9712697, 1595696154000),
(882, 558, 6930043, 1584420458000),
(883, 947, 6302423, 1598568655000),
(884, 171, 7553294, 1578562051000),
(885, 464, 7152598, 1596657127000),
(886, 936, 6506695, 1571475724000),
(887, 297, 6071098, 1599026141000),
(888, 228, 8481181, 1598714868000),
(889, 934, 1554021, 1587879302000),
(890, 506, 2793649, 1569645629000),
(891, 378, 7918386, 1569803345000),
(892, 593, 7076955, 1578602743000),
(893, 470, 4108217, 1582634127000),
(894, 487, 2422883, 1570983769000),
(895, 373, 6537486, 1596336255000),
(896, 4, 2832154, 1592355454000),
(897, 148, 4613255, 1581282670000),
(898, 916, 8375370, 1583064740000),
(899, 911, 6615292, 1592560763000),
(900, 987, 4650146, 1580910556000),
(901, 342, 7969146, 1583023635000),
(902, 812, 4742524, 1582137337000),
(903, 324, 4408081, 1572664890000),
(904, 436, 4509377, 1599475132000),
(905, 563, 9613066, 1594091308000),
(906, 473, 5340852, 1589334083000),
(907, 703, 1889578, 1579602239000),
(908, 821, 6737045, 1591313982000),
(909, 110, 3586946, 1586047947000),
(910, 271, 3030590, 1573713417000),
(911, 16, 8112504, 1592746028000),
(912, 993, 2459536, 1589475379000),
(913, 574, 1729043, 1570135409000),
(914, 533, 4263828, 1574618761000),
(915, 802, 2801995, 1580847883000),
(916, 322, 7298961, 1570108779000),
(917, 209, 5896880, 1577971587000),
(918, 15, 3887118, 1599755557000),
(919, 941, 8656777, 1578579664000),
(920, 946, 8845603, 1573849754000),
(921, 423, 6842625, 1580064294000),
(922, 237, 4225285, 1569225131000),
(923, 73, 4132423, 1589530282000),
(924, 952, 1412786, 1583829236000),
(925, 739, 2927771, 1584970349000),
(926, 111, 8804883, 1594293911000),
(927, 517, 1666456, 1579270564000),
(928, 407, 5860787, 1575839888000),
(929, 510, 6003428, 1575886821000),
(930, 136, 4155886, 1570274660000),
(931, 66, 3631246, 1598537229000),
(932, 147, 6585280, 1591754078000),
(933, 195, 7709954, 1598840501000),
(934, 571, 5985048, 1577046033000),
(935, 115, 1217328, 1570812655000),
(936, 90, 4887266, 1583861266000),
(937, 179, 5032060, 1580929228000),
(938, 973, 2730255, 1573506735000),
(939, 391, 6949662, 1587404564000),
(940, 27, 5282911, 1593925732000),
(941, 708, 5410761, 1574184692000),
(942, 290, 1709159, 1573644269000),
(943, 55, 8233633, 1569255566000),
(944, 966, 3517523, 1585145332000),
(945, 877, 8438902, 1582127266000),
(946, 232, 1227616, 1578766771000),
(947, 259, 3084634, 1569074473000),
(948, 573, 8704578, 1585285761000),
(949, 651, 3432289, 1598878561000),
(950, 56, 2339089, 1582906346000),
(951, 306, 5859796, 1574437112000),
(952, 943, 4669593, 1574356113000),
(953, 249, 9806452, 1583996504000),
(954, 336, 1488990, 1585206640000),
(955, 338, 8190597, 1569585529000),
(956, 676, 2392917, 1573032170000),
(957, 312, 7154071, 1582849585000),
(958, 553, 4655274, 1583729893000),
(959, 771, 5957654, 1583992765000),
(960, 174, 6652049, 1588788217000),
(961, 529, 8338651, 1587402262000),
(962, 853, 7092493, 1589335553000),
(963, 218, 7696212, 1575093708000),
(964, 526, 1881014, 1577390847000),
(965, 891, 7289297, 1594521774000),
(966, 462, 5213691, 1598740825000),
(967, 357, 5233949, 1578500899000),
(968, 492, 8289394, 1583114615000),
(969, 356, 7067825, 1571423234000),
(970, 545, 3922813, 1582515926000),
(971, 858, 2572733, 1585159375000),
(972, 257, 3646984, 1586213523000),
(973, 559, 5413710, 1583984711000),
(974, 677, 9451230, 1573640978000),
(975, 657, 2524694, 1587462910000),
(976, 108, 5531379, 1573170715000),
(977, 792, 7146669, 1588535155000),
(978, 649, 1815597, 1590015446000),
(979, 466, 8772091, 1584425642000),
(980, 497, 6897851, 1595205668000),
(981, 849, 4001185, 1572308614000),
(982, 590, 2166645, 1597186448000),
(983, 797, 9646764, 1571009835000),
(984, 453, 3676891, 1591729126000),
(985, 658, 9430328, 1581783340000),
(986, 695, 2072573, 1577563644000),
(987, 88, 3443040, 1574502789000),
(988, 315, 6794184, 1586796241000),
(989, 108, 1563455, 1592847289000),
(990, 469, 1351788, 1569327874000),
(991, 439, 3079574, 1584337858000),
(992, 182, 7125342, 1570080704000),
(993, 562, 7355615, 1570722019000),
(994, 701, 3322207, 1570833154000),
(995, 741, 7255311, 1572093070000),
(996, 274, 1456466, 1575137058000),
(997, 653, 7216614, 1593544474000),
(998, 699, 8751068, 1580655762000),
(999, 214, 1785495, 1572144475000),
(1000, 384, 8511051, 1571608009000);

-- --------------------------------------------------------

--
-- Структура таблицы `blood_services`
--

CREATE TABLE `blood_services` (
  `id` int NOT NULL,
  `service` int NOT NULL,
  `result` double(8,8) NOT NULL,
  `finished` bigint DEFAULT NULL,
  `accepted` tinyint(1) NOT NULL,
  `status` int NOT NULL,
  `analyzer` int NOT NULL,
  `user` int NOT NULL
) ENGINE=InnoDB DEFAULT CHARSET=utf8mb4 COLLATE=utf8mb4_0900_ai_ci;

--
-- Дамп данных таблицы `blood_services`
--

INSERT INTO `blood_services` (`id`, `service`, `result`, `finished`, `accepted`, `status`, `analyzer`, `user`) VALUES
(1, 415, 0.20596000, 1590686686000, 1, 1, 1, 53),
(2, 548, 0.32315000, 1579176567000, 1, 1, 1, 42),
(3, 229, 0.87765000, 1575674200000, 1, 2, 1, 86),
(4, 287, 0.70653000, 1597014952000, 0, 2, 1, 87),
(6, 176, 0.82349000, 1569329607000, 0, 2, 2, 85),
(8, 229, 0.26165000, 1588641706000, 0, 1, 2, 83),
(9, 797, 0.75965000, 1596771039000, 0, 1, 2, 49),
(24, 258, 0.55150000, 1575664121000, 0, 1, 2, 40),
(27, 323, 0.73895000, 1581770481000, 0, 1, 2, 99),
(32, 176, 0.25445000, 1593327663000, 1, 1, 2, 64),
(34, 258, 0.59730000, 1577583818000, 0, 1, 1, 60),
(35, 311, 0.60158000, 1575316802000, 0, 2, 1, 21),
(40, 287, 0.79542000, 1574313517000, 1, 2, 2, 69),
(41, 415, 0.92081000, 1597046670000, 1, 1, 1, 38),
(45, 258, 0.83208000, 1590452300000, 0, 1, 1, 94),
(48, 323, 0.87803000, 1569362496000, 1, 2, 1, 97),
(49, 287, 0.54890000, 1598878231000, 1, 2, 2, 86),
(54, 258, 0.14068000, 1578193821000, 0, 2, 1, 41),
(55, 855, 0.71921000, 1588727049000, 1, 1, 1, 13),
(56, 797, 0.90594000, 1599181546000, 1, 1, 1, 51),
(57, 176, 0.07803000, 1577398479000, 0, 1, 1, 20),
(58, 229, 0.13137000, 1584435628000, 1, 1, 2, 93),
(61, 548, 0.44258000, 1582611140000, 1, 2, 2, 13),
(64, 258, 0.85642000, 1599046676000, 1, 2, 1, 26),
(68, 258, 0.29841000, 1585748074000, 0, 1, 2, 47),
(78, 855, 0.20061000, 1587458575000, 1, 2, 2, 88),
(80, 229, 0.38659000, 1575395592000, 1, 2, 2, 38),
(81, 415, 0.17931000, 1589218302000, 1, 1, 2, 70),
(88, 176, 0.56096000, 1583200499000, 1, 2, 1, 10),
(89, 548, 0.55271000, 1570405789000, 1, 2, 1, 5),
(91, 287, 0.48404000, 1591402737000, 1, 2, 1, 8),
(99, 287, 0.77066000, 1591090917000, 1, 2, 1, 20),
(100, 797, 0.31087000, 1574480469000, 1, 2, 1, 38),
(102, 311, 0.64779000, 1573732952000, 0, 1, 2, 79),
(103, 287, 0.93109000, 1596010421000, 0, 1, 1, 9),
(104, 311, 0.97092000, 1568922156000, 1, 2, 1, 11),
(106, 415, 0.22856000, 1571065769000, 0, 1, 2, 8),
(107, 548, 0.51290000, 1587188750000, 1, 1, 1, 96),
(120, 855, 0.03385000, 1592299173000, 1, 2, 1, 8),
(121, 415, 0.07602000, 1593361995000, 0, 2, 2, 68),
(128, 229, 0.55726000, 1584623704000, 0, 2, 1, 10),
(132, 176, 0.25671000, 1572556989000, 1, 2, 2, 42),
(136, 548, 0.01918000, 1583411846000, 1, 2, 2, 62),
(138, 258, 0.07413000, 1575172116000, 0, 2, 1, 62),
(141, 415, 0.16257000, 1574770532000, 0, 2, 1, 75),
(148, 548, 0.19352000, 1570538306000, 0, 2, 1, 13),
(150, 311, 0.50333000, 1597475809000, 0, 2, 2, 63),
(151, 323, 0.87121000, 1584660322000, 1, 1, 1, 51),
(152, 855, 0.05779000, 1587883317000, 1, 1, 1, 31),
(153, 176, 0.28212000, 1568843181000, 0, 2, 2, 60),
(158, 258, 0.96719000, 1598197732000, 1, 1, 2, 41),
(159, 855, 0.71179000, 1593048600000, 0, 2, 1, 37),
(165, 229, 0.07709000, 1596761700000, 0, 2, 2, 30),
(166, 548, 0.77362000, 1575208145000, 1, 2, 1, 34),
(168, 323, 0.36839000, 1579648677000, 1, 2, 1, 11),
(171, 415, 0.29474000, 1569551597000, 1, 1, 2, 24),
(173, 287, 0.21449000, 1576129650000, 1, 2, 2, 44),
(177, 258, 0.65236000, 1588123211000, 1, 1, 2, 55),
(183, 258, 0.05632000, 1574051877000, 0, 1, 2, 71),
(184, 287, 0.27164000, 1575014156000, 0, 2, 2, 53),
(193, 258, 0.04706000, 1594734608000, 1, 1, 1, 56),
(194, 548, 0.16309000, 1582192592000, 0, 1, 2, 12),
(201, 323, 0.25892000, 1586127833000, 0, 1, 2, 15),
(202, 311, 0.29801000, 1583246483000, 1, 2, 2, 28),
(203, 258, 0.07559000, 1574293336000, 1, 1, 1, 15),
(207, 229, 0.35711000, 1580178305000, 0, 2, 2, 80),
(209, 323, 0.59146000, 1579655878000, 0, 2, 2, 29),
(210, 229, 0.01244000, 1599481650000, 1, 1, 2, 5),
(217, 229, 0.62648000, 1574118535000, 0, 2, 2, 47),
(223, 323, 0.32646000, 1582694823000, 0, 1, 2, 83),
(225, 323, 0.40255000, 1573714159000, 0, 1, 1, 17),
(232, 415, 0.56360000, 1571802391000, 0, 1, 2, 56),
(236, 415, 0.33973000, 1580245286000, 0, 2, 1, 51),
(237, 548, 0.59097000, 1591563049000, 1, 2, 1, 20),
(242, 548, 0.05047000, 1586531212000, 0, 1, 1, 82),
(243, 311, 0.69041000, 1587247374000, 1, 2, 2, 62),
(250, 323, 0.03350000, 1585509709000, 1, 1, 2, 98),
(251, 287, 0.08174000, 1581035773000, 0, 1, 2, 85),
(252, 176, 0.82788000, 1589777957000, 1, 1, 1, 72),
(256, 287, 0.40567000, 1574263597000, 0, 2, 2, 30),
(259, 415, 0.13284000, 1584697317000, 1, 2, 2, 83),
(260, 311, 0.57070000, 1596968723000, 1, 2, 1, 98),
(262, 311, 0.91438000, 1593953543000, 0, 1, 1, 18),
(266, 258, 0.40538000, 1582714708000, 1, 1, 2, 85),
(270, 855, 0.88862000, 1596881805000, 0, 2, 1, 4),
(275, 797, 0.67313000, 1576286554000, 0, 1, 2, 66),
(277, 311, 0.51654000, 1584816420000, 1, 2, 2, 25),
(278, 176, 0.67289000, 1570154155000, 0, 1, 1, 100),
(279, 311, 0.46772000, 1585319141000, 1, 1, 1, 20),
(281, 229, 0.27074000, 1577232635000, 1, 1, 2, 26),
(282, 176, 0.68085000, 1576539441000, 0, 2, 1, 9),
(283, 311, 0.74859000, 1577163516000, 1, 1, 1, 20),
(291, 311, 0.42651000, 1596685049000, 0, 1, 2, 24),
(293, 176, 0.47508000, 1572696538000, 1, 2, 1, 2),
(296, 287, 0.41050000, 1586543542000, 0, 1, 2, 58),
(297, 287, 0.85316000, 1594977590000, 0, 1, 1, 64),
(299, 258, 0.28566000, 1589199741000, 1, 1, 1, 77),
(300, 548, 0.85214000, 1596581504000, 1, 2, 1, 23),
(304, 855, 0.77846000, 1582599127000, 1, 1, 2, 16),
(306, 323, 0.68632000, 1592072729000, 1, 2, 1, 8),
(309, 258, 0.86477000, 1597788836000, 1, 2, 2, 16),
(310, 548, 0.23196000, 1599075901000, 1, 1, 2, 30),
(314, 855, 0.20005000, 1596529188000, 1, 1, 2, 81),
(319, 323, 0.87857000, 1569618472000, 1, 2, 2, 80),
(322, 258, 0.20758000, 1572078427000, 0, 2, 1, 16),
(324, 855, 0.89278000, 1580706060000, 0, 1, 1, 23),
(325, 415, 0.47750000, 1577143830000, 1, 1, 1, 24),
(326, 855, 0.75702000, 1577271794000, 1, 2, 1, 96),
(329, 229, 0.59170000, 1599012374000, 1, 1, 2, 3),
(330, 287, 0.01967000, 1598859800000, 0, 1, 1, 68),
(331, 229, 0.04593000, 1583683972000, 1, 2, 1, 6),
(333, 176, 0.09417000, 1568347392000, 0, 1, 2, 81),
(334, 287, 0.95537000, 1574440949000, 1, 2, 1, 70),
(337, 287, 0.99997000, 1571652236000, 1, 2, 1, 58),
(343, 855, 0.90379000, 1589311939000, 1, 2, 1, 95),
(348, 855, 0.19527000, 1592550906000, 1, 2, 1, 47),
(355, 855, 0.81819000, 1573197017000, 0, 1, 1, 4),
(358, 855, 0.41650000, 1589918921000, 0, 1, 1, 13),
(362, 287, 0.51950000, 1585811695000, 0, 1, 2, 63),
(366, 176, 0.16941000, 1577236396000, 0, 2, 1, 29),
(368, 415, 0.53006000, 1590865959000, 0, 1, 1, 82),
(373, 548, 0.12751000, 1584483545000, 0, 1, 1, 69),
(384, 311, 0.45028000, 1585302259000, 1, 1, 1, 77),
(393, 797, 0.11562000, 1591172228000, 1, 1, 2, 29),
(394, 855, 0.31150000, 1578836968000, 0, 2, 2, 73),
(399, 797, 0.16042000, 1570919605000, 1, 1, 1, 11),
(401, 415, 0.63369000, 1574121358000, 1, 2, 1, 5),
(402, 797, 0.19374000, 1576787964000, 0, 2, 2, 67),
(403, 855, 0.02675000, 1583019086000, 0, 2, 2, 80),
(404, 415, 0.38788000, 1589997008000, 0, 2, 1, 22),
(408, 229, 0.76167000, 1599866935000, 1, 2, 1, 2),
(410, 287, 0.91192000, 1573414681000, 0, 1, 1, 80),
(417, 311, 0.56976000, 1571546965000, 0, 1, 2, 64),
(418, 797, 0.93110000, 1585116287000, 0, 2, 1, 31),
(420, 415, 0.74392000, 1582993944000, 1, 1, 1, 33),
(421, 287, 0.65703000, 1573876368000, 1, 1, 1, 90),
(422, 323, 0.01138000, 1575539131000, 1, 2, 1, 25),
(426, 797, 0.29993000, 1573403069000, 1, 1, 2, 64),
(428, 176, 0.64655000, 1584156421000, 1, 1, 1, 61),
(430, 855, 0.41263000, 1572686042000, 0, 2, 1, 43),
(436, 323, 0.67525000, 1585811086000, 1, 1, 1, 93),
(442, 855, 0.72348000, 1573430199000, 0, 2, 2, 74),
(443, 229, 0.43683000, 1583238310000, 1, 2, 2, 38),
(446, 415, 0.77765000, 1589756737000, 0, 1, 2, 28),
(447, 855, 0.75877000, 1574557892000, 0, 1, 2, 86),
(452, 415, 0.14364000, 1583119406000, 1, 2, 2, 75),
(459, 311, 0.43008000, 1576805791000, 1, 1, 1, 21),
(461, 323, 0.67569000, 1572224316000, 1, 2, 1, 93),
(462, 176, 0.30138000, 1578662723000, 0, 2, 1, 8),
(465, 323, 0.46993000, 1598805765000, 0, 2, 2, 79),
(467, 323, 0.52738000, 1577767272000, 0, 2, 1, 13),
(468, 176, 0.07092000, 1574712941000, 0, 1, 2, 40),
(472, 287, 0.75808000, 1588378376000, 0, 2, 2, 21),
(473, 797, 0.09086000, 1577465658000, 1, 1, 2, 8),
(476, 548, 0.04854000, 1585218873000, 1, 1, 2, 36),
(477, 855, 0.90845000, 1576704070000, 1, 1, 2, 86),
(478, 415, 0.66540000, 1579592820000, 1, 2, 2, 86),
(491, 176, 0.14365000, 1583716962000, 1, 1, 2, 53),
(494, 415, 0.54532000, 1568461355000, 0, 1, 2, 12),
(496, 258, 0.90159000, 1587442992000, 1, 2, 2, 96),
(499, 797, 0.51001000, 1569659879000, 0, 1, 2, 67),
(500, 548, 0.95381000, 1579476109000, 1, 2, 1, 97),
(502, 323, 0.09628000, 1596738506000, 1, 2, 2, 95),
(505, 311, 0.63576000, 1579146963000, 1, 2, 1, 26),
(507, 855, 0.61745000, 1599480035000, 0, 1, 2, 14),
(510, 176, 0.33750000, 1573900196000, 0, 1, 1, 15),
(512, 287, 0.43806000, 1579650499000, 1, 2, 2, 64),
(513, 797, 0.89628000, 1599161295000, 1, 2, 2, 16),
(516, 415, 0.69540000, 1596009489000, 0, 2, 2, 95),
(518, 323, 0.79853000, 1571529029000, 1, 1, 1, 53),
(521, 855, 0.11505000, 1598719314000, 1, 2, 1, 63),
(525, 415, 0.86579000, 1591349860000, 1, 2, 2, 66),
(533, 548, 0.15789000, 1584736108000, 1, 2, 1, 52),
(535, 311, 0.68672000, 1596015782000, 1, 2, 1, 79),
(542, 797, 0.41129000, 1584152155000, 0, 2, 2, 44),
(544, 855, 0.31038000, 1590284510000, 1, 2, 2, 46),
(546, 548, 0.62443000, 1586221735000, 1, 2, 1, 55),
(556, 855, 0.51931000, 1588409973000, 1, 2, 2, 13),
(560, 311, 0.88700000, 1584016372000, 1, 1, 2, 19),
(565, 287, 0.08631000, 1599046315000, 0, 1, 1, 57),
(566, 287, 0.35615000, 1578475925000, 0, 1, 1, 11),
(574, 229, 0.00699000, 1586892624000, 1, 1, 2, 4),
(577, 258, 0.39536000, 1593125836000, 0, 2, 2, 6),
(578, 311, 0.77022000, 1589457295000, 0, 1, 2, 77),
(579, 548, 0.05415000, 1592119663000, 1, 1, 2, 56),
(582, 258, 0.56820000, 1580455013000, 0, 2, 2, 84),
(583, 323, 0.60316000, 1578396620000, 1, 2, 1, 76),
(587, 548, 0.42607000, 1589289260000, 1, 2, 1, 19),
(589, 229, 0.67762000, 1597328730000, 1, 1, 2, 39),
(593, 311, 0.70952000, 1571637752000, 0, 2, 1, 72),
(598, 176, 0.06332000, 1580421047000, 0, 1, 2, 26),
(600, 797, 0.99956000, 1592421217000, 1, 2, 1, 89),
(602, 797, 0.62586000, 1591812705000, 0, 2, 2, 87),
(604, 229, 0.42118000, 1576418474000, 0, 2, 2, 67),
(613, 415, 0.74357000, 1597001737000, 1, 2, 2, 38),
(614, 548, 0.52296000, 1576757777000, 1, 2, 2, 42),
(617, 415, 0.34187000, 1590265337000, 1, 1, 2, 24),
(622, 855, 0.61537000, 1590555423000, 0, 2, 2, 6),
(626, 797, 0.56864000, 1579879982000, 0, 2, 2, 14),
(629, 323, 0.76371000, 1576504489000, 1, 2, 1, 62),
(631, 176, 0.12716000, 1598679918000, 0, 1, 1, 71),
(634, 415, 0.28188000, 1595304224000, 0, 2, 2, 32),
(635, 311, 0.13942000, 1586774402000, 1, 1, 2, 45),
(638, 855, 0.80647000, 1571958584000, 1, 1, 2, 94),
(649, 855, 0.15631000, 1576181833000, 1, 2, 1, 5),
(651, 548, 0.65959000, 1591176214000, 1, 2, 1, 82),
(652, 287, 0.82385000, 1597310801000, 1, 1, 2, 84),
(653, 797, 0.08578000, 1582411398000, 1, 2, 1, 91),
(654, 855, 0.86251000, 1575269366000, 1, 1, 2, 36),
(658, 415, 0.67448000, 1574205575000, 1, 2, 1, 11),
(661, 548, 0.66690000, 1580387299000, 1, 1, 2, 87),
(663, 855, 0.63391000, 1575627090000, 1, 1, 1, 56),
(664, 229, 0.80410000, 1576886750000, 0, 2, 2, 26),
(667, 229, 0.51353000, 1568855649000, 0, 1, 2, 60),
(668, 311, 0.51610000, 1579407816000, 1, 1, 1, 20),
(670, 176, 0.29065000, 1595639455000, 0, 1, 1, 91),
(671, 287, 0.16852000, 1582605220000, 1, 1, 1, 78),
(676, 415, 0.60164000, 1576798268000, 0, 2, 2, 7),
(678, 258, 0.53433000, 1586952649000, 0, 1, 1, 68),
(680, 176, 0.05412000, 1584784874000, 0, 2, 2, 10),
(682, 176, 0.54364000, 1596999165000, 0, 2, 2, 40),
(683, 229, 0.10601000, 1584728578000, 1, 2, 2, 4),
(697, 415, 0.10253000, 1575557750000, 0, 1, 2, 76),
(699, 415, 0.00434000, 1594857897000, 1, 2, 1, 94),
(701, 855, 0.28457000, 1579120548000, 1, 1, 1, 29),
(706, 855, 0.70149000, 1571142754000, 0, 2, 1, 1),
(707, 548, 0.21615000, 1592026770000, 1, 1, 1, 20),
(709, 548, 0.80837000, 1589071062000, 1, 2, 1, 97),
(712, 548, 0.20818000, 1590587868000, 0, 2, 2, 88),
(713, 311, 0.40765000, 1596905567000, 1, 1, 1, 38),
(714, 323, 0.31461000, 1573497826000, 1, 1, 2, 91),
(723, 323, 0.07958000, 1576024276000, 0, 2, 2, 43),
(725, 229, 0.48411000, 1573945567000, 0, 2, 1, 37),
(726, 176, 0.61771000, 1568368054000, 0, 2, 2, 20),
(730, 287, 0.32387000, 1589800191000, 0, 2, 2, 84),
(732, 287, 0.35227000, 1598981535000, 0, 2, 2, 70),
(735, 323, 0.63891000, 1590133073000, 1, 2, 1, 40),
(736, 855, 0.22816000, 1580683084000, 1, 1, 2, 98),
(740, 855, 0.06387000, 1585842331000, 0, 2, 1, 59),
(742, 548, 0.61556000, 1587110833000, 1, 1, 1, 68),
(743, 797, 0.79233000, 1570211520000, 1, 1, 2, 95),
(755, 287, 0.02131000, 1580092500000, 0, 2, 1, 40),
(756, 855, 0.98537000, 1577554993000, 0, 2, 1, 69),
(758, 415, 0.51072000, 1597139132000, 0, 2, 2, 58),
(759, 323, 0.75530000, 1599520307000, 1, 2, 1, 66),
(762, 229, 0.60488000, 1585481607000, 0, 1, 1, 30),
(769, 176, 0.63848000, 1595737655000, 1, 2, 1, 95),
(772, 258, 0.55111000, 1576948320000, 0, 1, 1, 95),
(777, 548, 0.46186000, 1593220044000, 0, 1, 2, 55),
(782, 176, 0.47844000, 1591935064000, 1, 2, 1, 58),
(790, 258, 0.20462000, 1582691079000, 0, 2, 1, 93),
(792, 548, 0.51686000, 1580624531000, 1, 1, 1, 13),
(793, 229, 0.36286000, 1584056165000, 0, 1, 1, 88),
(794, 176, 0.33332000, 1592538237000, 1, 1, 1, 70),
(797, 258, 0.19771000, 1587562956000, 1, 1, 1, 20),
(798, 323, 0.47916000, 1579499840000, 0, 1, 2, 61),
(802, 258, 0.05993000, 1580338585000, 1, 2, 1, 15),
(803, 176, 0.16855000, 1598761152000, 0, 2, 2, 57),
(804, 855, 0.73257000, 1581841095000, 0, 1, 1, 75),
(806, 548, 0.54148000, 1576227451000, 0, 2, 2, 30),
(811, 797, 0.88406000, 1569054688000, 1, 2, 1, 98),
(812, 287, 0.33026000, 1584766972000, 1, 2, 1, 66),
(815, 311, 0.62100000, 1577687907000, 1, 2, 2, 42),
(816, 287, 0.11063000, 1575974597000, 0, 1, 2, 25),
(819, 548, 0.99050000, 1581923117000, 0, 1, 2, 39),
(823, 855, 0.67510000, 1584246666000, 1, 1, 1, 37),
(825, 415, 0.04467000, 1598232759000, 0, 1, 1, 19),
(826, 323, 0.43000000, NULL, 1, 2, 2, 101);

-- --------------------------------------------------------

--
-- Структура таблицы `service`
--

CREATE TABLE `service` (
  `id` int NOT NULL,
  `name` varchar(100) NOT NULL,
  `price` decimal(8,2) NOT NULL
) ENGINE=InnoDB DEFAULT CHARSET=utf8mb4 COLLATE=utf8mb4_0900_ai_ci;

--
-- Дамп данных таблицы `service`
--

INSERT INTO `service` (`id`, `name`, `price`) VALUES
(176, 'Билирубин общий', '102.85'),
(229, 'СПИД', '341.78'),
(258, 'Креатинин', '143.22'),
(287, 'Волчаночный антикоагулянт', '290.11'),
(311, 'Амилаза', '361.88'),
(323, 'Глюкоза', '447.65'),
(346, 'Общий белок', '396.03'),
(415, 'Кальций общий', '419.90'),
(501, 'Гепатит В', '176.83'),
(543, 'Гепатит С', '289.99'),
(548, 'Альбумин', '234.09'),
(557, 'ВИЧ', '490.77'),
(619, 'TSH', '262.71'),
(659, 'Сифилис RPR', '443.66'),
(797, 'АТ и АГ к ВИЧ 1/2', '370.62'),
(836, 'Железо', '105.32'),
(855, 'Ковид IgM', '209.78');

-- --------------------------------------------------------

--
-- Структура таблицы `status`
--

CREATE TABLE `status` (
  `id` int NOT NULL,
  `name` varchar(100) NOT NULL
) ENGINE=InnoDB DEFAULT CHARSET=utf8mb4 COLLATE=utf8mb4_0900_ai_ci;

--
-- Дамп данных таблицы `status`
--

INSERT INTO `status` (`id`, `name`) VALUES
(1, 'Finished'),
(2, 'Rejected');

-- --------------------------------------------------------

--
-- Структура таблицы `type`
--

CREATE TABLE `type` (
  `id` int NOT NULL,
  `name` varchar(100) NOT NULL
) ENGINE=InnoDB DEFAULT CHARSET=utf8mb4 COLLATE=utf8mb4_0900_ai_ci;

--
-- Дамп данных таблицы `type`
--

INSERT INTO `type` (`id`, `name`) VALUES
(1, 'лаборант-администратор'),
(2, 'лаборант'),
(3, 'пациент');

-- --------------------------------------------------------

--
-- Структура таблицы `users`
--

CREATE TABLE `users` (
  `id` int NOT NULL,
  `name` varchar(100) NOT NULL,
  `firstname` varchar(100) NOT NULL,
  `login` varchar(100) NOT NULL,
  `password` varchar(100) NOT NULL,
  `ip` varchar(100) NOT NULL,
  `lastenter` varchar(100) NOT NULL,
  `services` varchar(100) CHARACTER SET utf8mb4 COLLATE utf8mb4_0900_ai_ci DEFAULT NULL,
  `type` int NOT NULL
) ENGINE=InnoDB DEFAULT CHARSET=utf8mb4 COLLATE=utf8mb4_0900_ai_ci;

--
-- Дамп данных таблицы `users`
--

INSERT INTO `users` (`id`, `name`, `firstname`, `login`, `password`, `ip`, `lastenter`, `services`, `type`) VALUES
(1, 'Clareta', 'Hacking', 'chacking0', '4tzqHdkqzo4', '147.231.50.234', '02.10.2020', '\"[{\"\"code\"\":557},{\"\"code\"\":836},{\"\"code\"\":287}]\"', 1),
(2, 'Northrop', 'Mably', 'nmably1', 'ukM0e6', '22.32.15.211', '6/20/2020', '\"[{\"\"code\"\":855},{\"\"code\"\":619},{\"\"code\"\":557},{\"\"code\"\":836},{\"\"code\"\":548}]\"', 2),
(3, 'Fabian', 'Rolf', 'frolf2', '7QpCwac0yi', '113.92.142.29', '5/19/2020', '\"[{\"\"code\"\":543},{\"\"code\"\":836}]\"', 1),
(4, 'Lauree', 'Raden', 'lraden3', '5Ydp2mz', '39.24.146.52', '6/22/2020', '\"[{\"\"code\"\":855},{\"\"code\"\":258}]\"', 1),
(5, 'Barby', 'Follos', 'bfollos4', 'ckmAJPQV', '87.232.97.3', '3/18/2020', '\"[{\"\"code\"\":543},{\"\"code\"\":415},{\"\"code\"\":619},{\"\"code\"\":557}]\"', 1),
(6, 'Mile', 'Enterle', 'menterle5', '0PRom6i', '85.121.209.6', '07.04.2020', '\"[{\"\"code\"\":557},{\"\"code\"\":836},{\"\"code\"\":229}]\"', 2),
(7, 'Midge', 'Peaker', 'mpeaker6', '0Tc5oRc', '196.39.132.128', '09.03.2020', '\"[{\"\"code\"\":287},{\"\"code\"\":619},{\"\"code\"\":548},{\"\"code\"\":346}]\"', 2),
(8, 'Manon', 'Robichon', 'mrobichon7', 'LEwEjMlmE5X', '143.159.207.105', '8/31/2020', '\"[{\"\"code\"\":415},{\"\"code\"\":311},{\"\"code\"\":176},{\"\"code\"\":855}]\"', 2),
(9, 'Stavro', 'Robken', 'srobken8', 'Cbmj3Yi', '12.154.73.196', '5/22/2020', '\"[{\"\"code\"\":323},{\"\"code\"\":548},{\"\"code\"\":346}]\"', 3),
(10, 'Bryan', 'Tidmas', 'btidmas9', 'dYDHbBQfK', '24.42.134.21', '06.06.2020', '\"[{\"\"code\"\":229},{\"\"code\"\":346},{\"\"code\"\":501},{\"\"code\"\":548}]\"', 3),
(11, 'Jeannette', 'Fussie', 'jfussiea', 'EGxXuLQ9', '98.194.112.137', '8/21/2020', '\"[{\"\"code\"\":287}]\"', 2),
(12, 'Stephen', 'Antonacci', 'santonaccib', 'YcXAhY3Pja', '198.146.255.15', '10.03.2019', '\"[{\"\"code\"\":619},{\"\"code\"\":258},{\"\"code\"\":229},{\"\"code\"\":557},{\"\"code\"\":797}]\"', 2),
(13, 'Niccolo', 'Bountiff', 'nbountiffc', '5xfyjS9ZULGA', '231.78.246.229', '1/22/2020', '\"[{\"\"code\"\":323},{\"\"code\"\":311},{\"\"code\"\":557}]\"', 1),
(14, 'Clemente', 'Benjefield', 'cbenjefieldd', 'tQOsP0ei9TuD', '88.126.93.246', '07.09.2020', '\"[{\"\"code\"\":855},{\"\"code\"\":176},{\"\"code\"\":176},{\"\"code\"\":855}]\"', 3),
(15, 'Orlan', 'Corbyn', 'ocorbyne', 'bG1ZIzwIoU', '232.175.48.179', '4/24/2020', '\"[{\"\"code\"\":229},{\"\"code\"\":836},{\"\"code\"\":287},{\"\"code\"\":619}]\"', 3),
(16, 'Coreen', 'Stickins', 'cstickinsf', 'QRYADbgNj', '64.30.175.158', '4/20/2020', '\"[{\"\"code\"\":557}]\"', 1),
(17, 'Daveta', 'Clarage', 'dclarageg', 'Yp59ZIDnWe', '139.88.229.111', '06.09.2020', '\"[{\"\"code\"\":346},{\"\"code\"\":836},{\"\"code\"\":346}]\"', 3),
(18, 'Javier', 'McCawley', 'jmccawleyh', 'g58zLcmCYON', '14.199.67.32', '4/20/2020', '\"[{\"\"code\"\":619},{\"\"code\"\":258}]\"', 3),
(19, 'Daile', 'Band', 'dbandi', 'yFAaYuVW', '206.105.148.56', '12.02.2019', '\"[{\"\"code\"\":176},{\"\"code\"\":543},{\"\"code\"\":855},{\"\"code\"\":258}]\"', 3),
(20, 'Angil', 'Buttery', 'abutteryj', 'ttOFbWWGtD', '192.158.7.138', '6/21/2020', '\"[{\"\"code\"\":323},{\"\"code\"\":855},{\"\"code\"\":659},{\"\"code\"\":287}]\"', 2),
(21, 'Kyla', 'Kinman', 'kkinmank', 'qUr6fdWP6L5G', '134.99.243.113', '11.08.2019', '\"[{\"\"code\"\":346},{\"\"code\"\":855},{\"\"code\"\":323},{\"\"code\"\":557},{\"\"code\"\":501}]\"', 1),
(22, 'Selena', 'Skepper', 'sskepperl', 'jHYN0v3', '52.90.89.126', '4/28/2020', '\"[{\"\"code\"\":855},{\"\"code\"\":287}]\"', 3),
(23, 'Alyson', 'Yeoland', 'ayeolandm', 'QQezRBV9', '239.7.55.187', '5/31/2020', '\"[{\"\"code\"\":836},{\"\"code\"\":836},{\"\"code\"\":229},{\"\"code\"\":258},{\"\"code\"\":836}]\"', 3),
(24, 'Claudie', 'Speeding', 'cspeedingn', 'UCLYITfw2Vo', '127.37.194.127', '11/15/2019', '\"[{\"\"code\"\":548},{\"\"code\"\":557},{\"\"code\"\":176}]\"', 2),
(25, 'Alaric', 'Scarisbrick', 'ascarisbricko', 'fzBcv6GbyCp', '97.227.15.172', '2/19/2020', '\"[{\"\"code\"\":543},{\"\"code\"\":836}]\"', 3),
(26, 'Marie', 'Thurby', 'mthurbyp', 'wg0uIskqei', '94.70.148.135', '9/18/2019', '\"[{\"\"code\"\":548},{\"\"code\"\":855}]\"', 1),
(27, 'Cloe', 'Roxbrough', 'croxbroughq', '67CVVym', '185.110.201.36', '01.11.2020', '\"[{\"\"code\"\":501},{\"\"code\"\":797},{\"\"code\"\":797}]\"', 2),
(28, 'Pegeen', 'McCotter', 'pmccotterr', 'QG5tdzRpGZJ2', '22.179.187.229', '3/22/2020', '\"[{\"\"code\"\":176},{\"\"code\"\":855}]\"', 3),
(29, 'Iggie', 'Calleja', 'icallejas', 'aeDvZk8o9', '67.237.123.227', '7/19/2020', '\"[{\"\"code\"\":836},{\"\"code\"\":176},{\"\"code\"\":619},{\"\"code\"\":258}]\"', 2),
(30, 'Nelle', 'Brosch', 'nbroscht', 'DmPJt2', '251.1.59.65', '12/17/2019', '\"[{\"\"code\"\":346}]\"', 3),
(31, 'Shae', 'Allsepp', 'sallseppu', 't0ko0854Cpvv', '88.20.74.85', '08.09.2020', '\"[{\"\"code\"\":548},{\"\"code\"\":229},{\"\"code\"\":258},{\"\"code\"\":619}]\"', 2),
(32, 'Eldridge', 'Abbatucci', 'eabbatucciv', 'gUtNdsDu', '52.44.134.126', '3/29/2020', '\"[{\"\"code\"\":836},{\"\"code\"\":836},{\"\"code\"\":797}]\"', 2),
(33, 'Skip', 'Garnham', 'sgarnhamw', 'eml6RqbK', '100.17.131.54', '1/29/2020', '\"[{\"\"code\"\":548}]\"', 2),
(34, 'Ric', 'Kitchenside', 'rkitchensidex', 'xaa7miQ7yB', '29.100.76.146', '12/14/2019', '\"[{\"\"code\"\":501},{\"\"code\"\":258},{\"\"code\"\":659},{\"\"code\"\":501},{\"\"code\"\":659}]\"', 2),
(35, 'Urbanus', 'Di Meo', 'udiy', 'dHqu78cU6NOP', '90.30.202.251', '12/25/2019', '\"[{\"\"code\"\":797},{\"\"code\"\":287},{\"\"code\"\":855},{\"\"code\"\":346}]\"', 2),
(36, 'Monty', 'Beidebeke', 'mbeidebekez', 'F5T5spAU9A4O', '3.32.202.92', '02.05.2020', '\"[{\"\"code\"\":415},{\"\"code\"\":543},{\"\"code\"\":836}]\"', 2),
(37, 'Byrann', 'Savins', 'bsavins10', 'l6sYf29NLN', '123.187.14.103', '1/23/2020', '\"[{\"\"code\"\":836}]\"', 2),
(38, 'Sonnie', 'Riby', 'sriby11', 'Va34LYqFh', '16.81.16.23', '6/17/2020', '\"[{\"\"code\"\":501}]\"', 2),
(39, 'Sherill', 'Birney', 'sbirney12', 'Ggygo2ePsETs', '144.76.193.237', '12/27/2019', '\"[{\"\"code\"\":836},{\"\"code\"\":258},{\"\"code\"\":619}]\"', 1),
(40, 'Indira', 'Kleanthous', 'ikleanthous13', '3H0GS7a', '169.108.108.88', '12/29/2019', '\"[{\"\"code\"\":797},{\"\"code\"\":346},{\"\"code\"\":543},{\"\"code\"\":501},{\"\"code\"\":258}]\"', 2),
(41, 'Maison', 'Skerme', 'mskerme14', 'wy1HWA', '143.177.136.232', '02.10.2020', '\"[{\"\"code\"\":176},{\"\"code\"\":619}]\"', 2),
(42, 'Hanan', 'Cahey', 'hcahey15', 'NSXcG9khd', '18.127.87.158', '6/13/2020', '\"[{\"\"code\"\":501},{\"\"code\"\":258}]\"', 3),
(43, 'Tore', 'Rusling', 'trusling16', 'abol9dYC8e', '142.216.95.251', '3/19/2020', '\"[{\"\"code\"\":619}]\"', 2),
(44, 'Jeddy', 'De Souza', 'jde17', 'gK6Hsl8Q', '229.104.255.175', '10/17/2019', '\"[{\"\"code\"\":415},{\"\"code\"\":619}]\"', 2),
(45, 'Flossi', 'McLeoid', 'fmcleoid18', 'B9zr0N7cJw', '90.207.38.179', '1/26/2020', '\"[{\"\"code\"\":543}]\"', 2),
(46, 'Nikoletta', 'Megainey', 'nmegainey19', 'gph7QurFf', '172.249.218.50', '5/22/2020', '\"[{\"\"code\"\":415}]\"', 2),
(47, 'Adan', 'Bliven', 'abliven1a', 'vVxlf94KpeX', '49.101.94.118', '6/17/2020', '\"[{\"\"code\"\":323},{\"\"code\"\":548}]\"', 3),
(48, 'Mohandis', 'Rossoni', 'mrossoni1b', 'nLXj2lS', '161.5.132.42', '11/16/2019', '\"[{\"\"code\"\":176},{\"\"code\"\":659},{\"\"code\"\":287}]\"', 3),
(49, 'Nappie', 'Redington', 'nredington1c', 'DCbOb1SX', '174.42.8.3', '05.06.2020', '\"[{\"\"code\"\":548}]\"', 2),
(50, 'Lenka', 'Francie', 'lfrancie1d', 'DoGeHWuAAM', '182.2.128.34', '3/30/2020', '\"[{\"\"code\"\":659},{\"\"code\"\":501},{\"\"code\"\":415}]\"', 2),
(51, 'Ashley', 'Blowin', 'ablowin1e', 'aQygVtMjN', '73.212.243.168', '6/24/2020', '\"[{\"\"code\"\":176},{\"\"code\"\":311},{\"\"code\"\":855},{\"\"code\"\":176}]\"', 2),
(52, 'Vale', 'Goroni', 'vgoroni1f', 'bWr0QU', '93.126.120.134', '8/19/2020', '\"[{\"\"code\"\":287},{\"\"code\"\":287},{\"\"code\"\":659}]\"', 3),
(53, 'Suki', 'Grafom', 'sgrafom1g', 'JcNcVDAouYzA', '9.26.5.107', '12/17/2019', '\"[{\"\"code\"\":797},{\"\"code\"\":323},{\"\"code\"\":548}]\"', 3),
(54, 'Justis', 'Gianneschi', 'jgianneschi1h', 'oieX5u3sUfpD', '139.241.156.87', '3/14/2020', '\"[{\"\"code\"\":836},{\"\"code\"\":543},{\"\"code\"\":548},{\"\"code\"\":311}]\"', 3),
(55, 'Emilie', 'Collett', 'ecollett1i', 'Y0uMyKB0W', '47.0.240.7', '10.07.2019', '\"[{\"\"code\"\":543},{\"\"code\"\":287},{\"\"code\"\":258}]\"', 2),
(56, 'Byrom', 'Terrell', 'bterrell1j', 'hswseW', '157.21.33.53', '2/25/2020', '\"[{\"\"code\"\":287},{\"\"code\"\":557},{\"\"code\"\":543}]\"', 1),
(57, 'Daphne', 'Bifield', 'dbifield1k', 'oYAQ4URihIA', '24.185.229.169', '7/29/2020', '\"[{\"\"code\"\":619},{\"\"code\"\":323},{\"\"code\"\":855},{\"\"code\"\":229}]\"', 1),
(58, 'Blanca', 'Staig', 'bstaig1l', 'MygqEtjMtUbC', '171.78.28.229', '2/19/2020', '\"[{\"\"code\"\":176},{\"\"code\"\":855}]\"', 3),
(59, 'Adriaens', 'Kennsley', 'akennsley1m', 'CTUdBfJsy6qF', '208.81.128.179', '7/15/2020', '\"[{\"\"code\"\":836},{\"\"code\"\":548}]\"', 3),
(60, 'Emlyn', 'Bartak', 'ebartak1n', 'y3t4H1', '130.247.20.138', '12/20/2019', '\"[{\"\"code\"\":543}]\"', 1),
(61, 'Victoria', 'Willshire', 'vwillshire1o', 'VFSLc2t', '243.230.165.161', '09.03.2020', '\"[{\"\"code\"\":557},{\"\"code\"\":287},{\"\"code\"\":836},{\"\"code\"\":287}]\"', 1),
(62, 'Egon', 'Savin', 'esavin1p', 'axnJY9s', '40.140.160.210', '1/31/2020', '\"[{\"\"code\"\":346},{\"\"code\"\":258},{\"\"code\"\":543},{\"\"code\"\":323},{\"\"code\"\":176}]\"', 2),
(63, 'Phillie', 'Elsom', 'pelsom1q', 'OXzMECG', '253.7.8.82', '01.01.2020', '\"[{\"\"code\"\":323},{\"\"code\"\":501},{\"\"code\"\":501}]\"', 2),
(64, 'Adan', 'Semaine', 'asemaine1r', 'MdJRkHor5SP', '76.252.15.218', '10.05.2019', '\"[{\"\"code\"\":258}]\"', 2),
(65, 'Constantino', 'Northrop', 'cnorthrop1s', 'UIwCvTA7MRS0', '119.130.24.85', '10.12.2019', '\"[{\"\"code\"\":176},{\"\"code\"\":229}]\"', 1),
(66, 'Rodie', 'Easson', 'reasson1t', '3J0jgg9RWlXs', '212.248.119.232', '8/14/2020', '\"[{\"\"code\"\":855},{\"\"code\"\":287},{\"\"code\"\":797}]\"', 2),
(67, 'Alida', 'Boleyn', 'aboleyn1u', '3q2mQdDRmtr', '181.14.56.184', '5/26/2020', '\"[{\"\"code\"\":229},{\"\"code\"\":323},{\"\"code\"\":501},{\"\"code\"\":258},{\"\"code\"\":415}]\"', 3),
(68, 'Hill', 'Scholfield', 'hscholfield1v', '1Pbs3K6qXYB', '15.7.205.224', '2/23/2020', '\"[{\"\"code\"\":619},{\"\"code\"\":258},{\"\"code\"\":501},{\"\"code\"\":287}]\"', 2),
(69, 'Cordell', 'Cowpe', 'ccowpe1w', 'VHr417Ft0', '237.236.173.63', '6/17/2020', '\"[{\"\"code\"\":346},{\"\"code\"\":311},{\"\"code\"\":346},{\"\"code\"\":176}]\"', 3),
(70, 'Alexandro', 'Eldon', 'aeldon1x', 'rrywOQRmFKyh', '4.174.11.210', '12.04.2019', '\"[{\"\"code\"\":836},{\"\"code\"\":346},{\"\"code\"\":836}]\"', 1),
(71, 'Kayle', 'Collin', 'kcollin1y', 'Q0ZV21vew0', '52.19.142.168', '6/30/2020', '\"[{\"\"code\"\":346}]\"', 1),
(72, 'Inesita', 'Larkins', 'ilarkins1z', 'DEFNpHtU', '3.26.42.188', '12.05.2019', '\"[{\"\"code\"\":548},{\"\"code\"\":258},{\"\"code\"\":311},{\"\"code\"\":229}]\"', 1),
(73, 'Waylin', 'Lound', 'wlound20', 'a2G4Ihh2o', '31.243.68.215', '1/26/2020', '\"[{\"\"code\"\":619},{\"\"code\"\":659},{\"\"code\"\":346}]\"', 1),
(74, 'Mechelle', 'Gillogley', 'mgillogley21', 'EjUHfCUFqF', '79.38.53.53', '05.01.2020', '\"[{\"\"code\"\":346},{\"\"code\"\":176},{\"\"code\"\":176},{\"\"code\"\":415},{\"\"code\"\":415}]\"', 2),
(75, 'Donal', 'Muccino', 'dmuccino22', 'E4okVgx', '109.138.101.234', '04.02.2020', '\"[{\"\"code\"\":176},{\"\"code\"\":619},{\"\"code\"\":287},{\"\"code\"\":311},{\"\"code\"\":619}]\"', 3),
(76, 'Joye', 'Leadbetter', 'jleadbetter23', 'ZNsaKdgb', '51.245.190.167', '05.02.2020', '\"[{\"\"code\"\":548},{\"\"code\"\":543},{\"\"code\"\":548},{\"\"code\"\":855}]\"', 2),
(77, 'Gianina', 'Trump', 'gtrump24', '6XXY7IS26Ci', '11.191.37.17', '08.03.2020', '\"[{\"\"code\"\":258}]\"', 3),
(78, 'Read', 'LeEstut', 'rleestut25', 'zq3C4rUR', '119.247.100.162', '09.11.2020', '\"[{\"\"code\"\":323},{\"\"code\"\":287},{\"\"code\"\":659},{\"\"code\"\":176}]\"', 1),
(79, 'Jill', 'Anscott', 'janscott26', '5maCRrCZLu', '104.85.178.46', '4/28/2020', '\"[{\"\"code\"\":287}]\"', 3),
(80, 'Bud', 'Douch', 'bdouch27', 'KAkwrli', '72.132.101.188', '02.06.2020', '\"[{\"\"code\"\":287}]\"', 1),
(81, 'Cicily', 'Ossenna', 'cossenna28', 'vfKJkCeohOzZ', '230.85.180.186', '01.06.2020', '\"[{\"\"code\"\":501},{\"\"code\"\":176},{\"\"code\"\":176}]\"', 3),
(82, 'Hew', 'Izzat', 'hizzat29', 'Uifdtu', '143.246.125.169', '1/20/2020', '\"[{\"\"code\"\":287},{\"\"code\"\":501},{\"\"code\"\":287},{\"\"code\"\":311}]\"', 1),
(83, 'Eddie', 'Gimeno', 'egimeno2a', 'oF1hbmKlZ', '60.57.115.125', '3/18/2020', '\"[{\"\"code\"\":659},{\"\"code\"\":543},{\"\"code\"\":501},{\"\"code\"\":659},{\"\"code\"\":548}]\"', 3),
(84, 'Sybyl', 'Fierro', 'sfierro2b', 'VjUrQ2', '250.233.247.215', '1/22/2020', '\"[{\"\"code\"\":415},{\"\"code\"\":323},{\"\"code\"\":346},{\"\"code\"\":311}]\"', 2),
(85, 'Nicol', 'Troup', 'ntroup2c', 'KmDDYf1Pu', '121.7.142.165', '6/25/2020', '\"[{\"\"code\"\":415},{\"\"code\"\":176},{\"\"code\"\":836},{\"\"code\"\":287}]\"', 2),
(86, 'Bondy', 'Pattenden', 'bpattenden2d', 'IOUkHpOn', '45.121.26.90', '6/15/2020', '\"[{\"\"code\"\":836},{\"\"code\"\":229},{\"\"code\"\":346},{\"\"code\"\":346}]\"', 1),
(87, 'Angus', 'Cockman', 'acockman2e', 'fDKhK7OK', '167.9.255.77', '01.06.2020', '\"[{\"\"code\"\":323},{\"\"code\"\":229},{\"\"code\"\":258},{\"\"code\"\":258},{\"\"code\"\":415}]\"', 1),
(88, 'Mord', 'Hanscome', 'mhanscome2f', 'xBHzpa7eP0u', '121.181.10.230', '07.10.2020', '\"[{\"\"code\"\":346},{\"\"code\"\":548},{\"\"code\"\":548}]\"', 2),
(89, 'Susy', 'Leblanc', 'sleblanc2g', 'T2et1U5M', '118.164.120.202', '6/16/2020', '\"[{\"\"code\"\":855},{\"\"code\"\":619}]\"', 2),
(90, 'Gerard', 'Ciccoloi', 'gciccoloi2h', 'w4dZ3hxiCiAg', '71.235.27.27', '02.03.2020', '\"[{\"\"code\"\":548},{\"\"code\"\":311},{\"\"code\"\":346},{\"\"code\"\":311}]\"', 1),
(91, 'Seamus', 'Sayburn', 'ssayburn2i', '1hTM7EVKaS', '75.194.92.114', '1/24/2020', '\"[{\"\"code\"\":557},{\"\"code\"\":548},{\"\"code\"\":557},{\"\"code\"\":323},{\"\"code\"\":557}]\"', 2),
(92, 'Washington', 'Gentiry', 'wgentiry2j', 'z2X9UH5', '188.49.78.185', '04.10.2020', '\"[{\"\"code\"\":323},{\"\"code\"\":855},{\"\"code\"\":229}]\"', 1),
(93, 'Rebekkah', 'Westall', 'rwestall2k', 'xLgunbO9x6', '212.150.81.93', '02.02.2020', '\"[{\"\"code\"\":501},{\"\"code\"\":501},{\"\"code\"\":855},{\"\"code\"\":797},{\"\"code\"\":501}]\"', 2),
(94, 'Court', 'Kulic', 'ckulic2l', 'FLHYRN', '154.121.193.131', '6/26/2020', '\"[{\"\"code\"\":323}]\"', 1),
(95, 'Lorilee', 'Roux', 'lroux2m', '98cCxHeeK31', '229.187.60.106', '06.12.2020', '\"[{\"\"code\"\":415},{\"\"code\"\":543}]\"', 3),
(96, 'Modestine', 'Rolinson', 'mrolinson2n', 'faGzyW8hEca', '9.203.185.188', '10/30/2019', '\"[{\"\"code\"\":311},{\"\"code\"\":855},{\"\"code\"\":797},{\"\"code\"\":855}]\"', 1),
(97, 'Shelbi', 'Ellgood', 'sellgood2o', '3do5MME', '199.226.26.7', '8/31/2020', '\"[{\"\"code\"\":176},{\"\"code\"\":836},{\"\"code\"\":346},{\"\"code\"\":501},{\"\"code\"\":176}]\"', 3),
(98, 'Barbabra', 'Retchless', 'bretchless2p', 'WraGihh', '86.66.23.203', '11.09.2019', '\"[{\"\"code\"\":229},{\"\"code\"\":415},{\"\"code\"\":258},{\"\"code\"\":619}]\"', 2),
(99, 'Robinetta', 'Jerzak', 'rjerzak2q', 'hAp8jki', '205.158.144.210', '12.11.2019', '\"[{\"\"code\"\":659}]\"', 2),
(100, 'Vance', 'Boots', 'vboots2r', 'bgJfSDEVEQm6', '91.73.40.29', '09.07.2020', '\"[{\"\"code\"\":548},{\"\"code\"\":346},{\"\"code\"\":311}]\"', 2),
(101, 'Polina', 'Vagina', 'vag', 'vag', '127.0.0.1', '', 'jdskdfjs', 3);

--
-- Индексы сохранённых таблиц
--

--
-- Индексы таблицы `analyzer`
--
ALTER TABLE `analyzer`
  ADD PRIMARY KEY (`id`);

--
-- Индексы таблицы `blood`
--
ALTER TABLE `blood`
  ADD PRIMARY KEY (`id`),
  ADD UNIQUE KEY `barcode` (`barcode`),
  ADD KEY `patient` (`patient`);

--
-- Индексы таблицы `blood_services`
--
ALTER TABLE `blood_services`
  ADD PRIMARY KEY (`id`),
  ADD KEY `service` (`service`,`status`,`analyzer`,`user`),
  ADD KEY `status` (`status`),
  ADD KEY `analyzer` (`analyzer`),
  ADD KEY `user` (`user`);

--
-- Индексы таблицы `service`
--
ALTER TABLE `service`
  ADD PRIMARY KEY (`id`);

--
-- Индексы таблицы `status`
--
ALTER TABLE `status`
  ADD PRIMARY KEY (`id`);

--
-- Индексы таблицы `type`
--
ALTER TABLE `type`
  ADD PRIMARY KEY (`id`);

--
-- Индексы таблицы `users`
--
ALTER TABLE `users`
  ADD PRIMARY KEY (`id`),
  ADD KEY `type` (`type`);

--
-- AUTO_INCREMENT для сохранённых таблиц
--

--
-- AUTO_INCREMENT для таблицы `analyzer`
--
ALTER TABLE `analyzer`
  MODIFY `id` int NOT NULL AUTO_INCREMENT, AUTO_INCREMENT=3;

--
-- AUTO_INCREMENT для таблицы `blood`
--
ALTER TABLE `blood`
  MODIFY `id` int NOT NULL AUTO_INCREMENT, AUTO_INCREMENT=1001;

--
-- AUTO_INCREMENT для таблицы `blood_services`
--
ALTER TABLE `blood_services`
  MODIFY `id` int NOT NULL AUTO_INCREMENT, AUTO_INCREMENT=827;

--
-- AUTO_INCREMENT для таблицы `status`
--
ALTER TABLE `status`
  MODIFY `id` int NOT NULL AUTO_INCREMENT, AUTO_INCREMENT=3;

--
-- AUTO_INCREMENT для таблицы `type`
--
ALTER TABLE `type`
  MODIFY `id` int NOT NULL AUTO_INCREMENT, AUTO_INCREMENT=4;

--
-- AUTO_INCREMENT для таблицы `users`
--
ALTER TABLE `users`
  MODIFY `id` int NOT NULL AUTO_INCREMENT, AUTO_INCREMENT=102;

--
-- Ограничения внешнего ключа сохраненных таблиц
--

--
-- Ограничения внешнего ключа таблицы `blood_services`
--
ALTER TABLE `blood_services`
  ADD CONSTRAINT `blood_services_ibfk_1` FOREIGN KEY (`service`) REFERENCES `service` (`id`),
  ADD CONSTRAINT `blood_services_ibfk_2` FOREIGN KEY (`status`) REFERENCES `status` (`id`),
  ADD CONSTRAINT `blood_services_ibfk_3` FOREIGN KEY (`analyzer`) REFERENCES `analyzer` (`id`),
  ADD CONSTRAINT `blood_services_ibfk_4` FOREIGN KEY (`user`) REFERENCES `users` (`id`);

--
-- Ограничения внешнего ключа таблицы `users`
--
ALTER TABLE `users`
  ADD CONSTRAINT `users_ibfk_1` FOREIGN KEY (`type`) REFERENCES `type` (`id`);
COMMIT;

/*!40101 SET CHARACTER_SET_CLIENT=@OLD_CHARACTER_SET_CLIENT */;
/*!40101 SET CHARACTER_SET_RESULTS=@OLD_CHARACTER_SET_RESULTS */;
/*!40101 SET COLLATION_CONNECTION=@OLD_COLLATION_CONNECTION */;
